web-scraper-order,web-scraper-start-url,profesoresurl,profesoresurl-href,review,nota
"1576033212-11104","https://losestudiantes.co/","Lina Liliana Osorio SanabriaGeociencias","https://losestudiantes.co/universidad-de-los-andes/geociencias/profesores/lina-liliana-osorio-sanabria","Es exigente y se puede aprender mucho con ella (puede que no, tampoco es erudita). Sin embargo, a veces es irrespetuosa con los estudiantes. Depende de su tolerancia con el tipo de comentarios que ella hace (a veces con respecto a la carrera de Geociencias en Los Andes, que nos consienten mucho, a veces se ríe de lo que uno responde en las tareas). Por otra parte, a la hora de calificar es dura y solo acepta interpretaciones hechas por ella, cuando puede haber otras interpretaciones.Cons: Deja mas trabajo que el que el profesor de la magistral indica. 
A veces irrespetuosa.","3"
"1576033197-11047","https://losestudiantes.co/","Alba Marina Suarez RojasGeociencias","https://losestudiantes.co/universidad-de-los-andes/geociencias/profesores/alba-marina-suarez-rojas","Alba es una excelente profesora, se esfuerza porque entiendan y pone todo su empeño para ello. Debido a que para el curso 2016-1 eran pocos estudiantes (aprox 25) se logró sacar bastante provecho de la clase y el lab.Pros: Atenta a dudasCons: A veces se enreda un poco","5"
"1576033195-11039","https://losestudiantes.co/","Natalia Pardo VillavecesGeociencias","https://losestudiantes.co/universidad-de-los-andes/geociencias/profesores/natalia-pardo-villaveces","Es una excelente profesora. Me encanta su carisma y su efectividad, es muy humana y se pone mucho en su lugar si usted le demuestra que lo merece. Los parciales son bastante prácticos, derrocó un poco el estándar de parciales mecánicos en los que debía aprenderse todo lo enseñado durante el corte. La amo jeje. (Me encantó en enfoque que le dió a la clase)","5"
"1576033181-10958","https://losestudiantes.co/","Jean Baptiste TaryGeociencias","https://losestudiantes.co/universidad-de-los-andes/geociencias/profesores/jean-baptiste-tary","Pros: El mejor profesor que he conocido hace valer su posdoctorado es una megacrack el mejor profesor que he tenido en mi vida","4.9"
"1576033210-11099","https://losestudiantes.co/","Rodrigo Alberto Marin CastilloGeociencias","https://losestudiantes.co/universidad-de-los-andes/geociencias/profesores/rodrigo-alberto-marin-castillo","El tipo tiene una experiencia abismal en el tema de ingeniería mecánica, es muy sabio. Sin embargo el tipo no sabe dar clase... son embargo vale la pena ver clase con el por sus historias y cuentos: uno aprende cantidades de lo que es la imgenieria aplicada y cómo hacerlo realidad. Es una gran person y es muy relajado como profesor. califica bien. Pros: Muy interesante
Chistoso
Sabio
clase relajadaCons: si no sabe aprender por su cuenta, no va a aprender nada.","5"
"1576033210-11089","https://losestudiantes.co/","Rodrigo Alberto Marin CastilloGeociencias","https://losestudiantes.co/universidad-de-los-andes/geociencias/profesores/rodrigo-alberto-marin-castillo","Un profesor muy simpático, se le nota su experiencia a kilómetros pero lamentablemente no preparaba sus clases y muchas veces se le salían de control. Aveces llegaba con sus diapositivas en inglés y ni el mismo sabía que estaba pasando!","4"
"1576033201-11062","https://losestudiantes.co/","Idael Blanco QuinteroGeociencias","https://losestudiantes.co/universidad-de-los-andes/geociencias/profesores/idael-blanco-quintero","De los mejores profesores que he tenido en la universidad. Así de simple; sin embargo, las materias que da son difíciles en general.","5"
"1576033181-10960","https://losestudiantes.co/","Jean Baptiste TaryGeociencias","https://losestudiantes.co/universidad-de-los-andes/geociencias/profesores/jean-baptiste-tary","Excelente clase, el profesor se esfuerza mucho por preparar los temas y sus presentaciones son claras. Sus tareas son concordes a lo que se ve, al igual que sus parciales. Se aprende mucho mientras uno tenga la disposición. Siempre tiene tiempo fuera de clase para atender las dudas de los estudiantes .","5"
"1576033181-10961","https://losestudiantes.co/","Jean Baptiste TaryGeociencias","https://losestudiantes.co/universidad-de-los-andes/geociencias/profesores/jean-baptiste-tary","Yo vi Geociencias con él. Su clase es sencillamente las mas aburrida de la historia. Aunque el tema puede que sea interesante, el profesor solo lee las diapositivas y habla en un tono mas monotono que una maquina y a veces tan pasito que no se le escucha lo que dice. La clase se torna dificil a medida que pasa el tiempo pero solo por el hecho de que es muy dificil ir y prestar atencion por lo aburrida que es.Pros: Califica justo de acuerdo a los temas vistos.

Cons: No dan ganas de ir a clase.

Produce sueño y aburrimiento.","1"
"1576033181-10956","https://losestudiantes.co/","Jean Baptiste TaryGeociencias","https://losestudiantes.co/universidad-de-los-andes/geociencias/profesores/jean-baptiste-tary","Buen profesorPros: Sabe mucho del temaCons: Debe mejorar el tono de voz","5"
"1576033181-10966","https://losestudiantes.co/","Jean Baptiste TaryGeociencias","https://losestudiantes.co/universidad-de-los-andes/geociencias/profesores/jean-baptiste-tary","Jean es muy malo como profesor, puede saber mucho de su campo pero a la hora de hablar frente a los estudiantes no transmite pasión, conocimiento, ni nada. Las preguntas de los exámenes no son claras ni completas con lo que quiere que respondamos. Además su forma de calificar esta muy mal porque uno debe escribir exactamente las palabras que él pone en la presentación.Cons: No dan gana de ir a clase","1"
"1576033210-11082","https://losestudiantes.co/","Rodrigo Alberto Marin CastilloGeociencias","https://losestudiantes.co/universidad-de-los-andes/geociencias/profesores/rodrigo-alberto-marin-castillo","No lo recomiendo. Nunca prepara sus clases y habla de cualquier cosa no relacionada con la clase casi todo el tiempo, para luego al final hacer todo a la carrera. Se atrasó en el programa y era absolutamente innecesario ir a su clase. Como es nuevo dando Diseño en Ingeniería, no tenía buenos conocimientos de los contenidos de la clasePros: -Es chistoso
-La materia es muy fácil
-No toma asistenciaCons: -No prepara la clase
-Se demora mucho en los temas y se atras
-Se va por las ramas y termina hablando de cualquier otro tema
-No tiene conocimientos de los temas de la clase, solo lee diapositivas que ni él entiende
-No explica","1.7"
"1576033181-10955","https://losestudiantes.co/","Jean Baptiste TaryGeociencias","https://losestudiantes.co/universidad-de-los-andes/geociencias/profesores/jean-baptiste-tary","Tiene un muy manejo de los temas y es un profesor con mucha experiencia.","5"
"1576033190-11016","https://losestudiantes.co/","Camilo Montes RodriguezGeociencias","https://losestudiantes.co/universidad-de-los-andes/geociencias/profesores/camilo-montes-rodriguez","excelente profesor, tanto en magistral como campo se aprende mucho. es una lastima que no continué en la universidad.","5"
"1576033217-11125","https://losestudiantes.co/","Jillian PearseGeociencias","https://losestudiantes.co/universidad-de-los-andes/geociencias/profesores/jillian-pearse","Clase muy desordenada, sería más claro si tratara de darla en inglés que en español. Casi nunca atiende en su oficina ni por correo.Pros: Buena gente.
Comprensiva.
Cons: No le importa mucho su labor docente.
Siempre está muy ocupada para funcionar.","3"
"1576033214-11122","https://losestudiantes.co/","Leslie Francis NoeGeociencias","https://losestudiantes.co/universidad-de-los-andes/geociencias/profesores/leslie-francis-noe","Explica bien lo temas, aunque el tiempo de la clase a veces no es suficiente. la estragegia de los qûices donde uno la puede embarrar para hacerlo en el parcial me parece muy buena. El problema del curso, que no es culpa de Leslie, es que los temas debeían dictarse en 2 cursos.En parte, creo que el si deberìa refocmular un poco mejor los parciales, de modo tal que la memoría no sea tan fundamental en el curso, y se evalùe la capacidad de análisis e interpretaciòn.","4.5"
"1576033207-11079","https://losestudiantes.co/","Javier Idarraga GarciaGeociencias","https://losestudiantes.co/universidad-de-los-andes/geociencias/profesores/javier-idarraga-garcia","No explica bien","1.5"
"1576033210-11087","https://losestudiantes.co/","Rodrigo Alberto Marin CastilloGeociencias","https://losestudiantes.co/universidad-de-los-andes/geociencias/profesores/rodrigo-alberto-marin-castillo","Chistoso, relajado, buena gente. No sabe mucho de geociencias pero se esfuerza por dar la clase y explicar. Cuenta historias que lo motivan a uno a estar despierto en clase. Parciales justos.Pros: Chistoso
Amable","3.7"
"1576033212-11103","https://losestudiantes.co/","Lina Liliana Osorio SanabriaGeociencias","https://losestudiantes.co/universidad-de-los-andes/geociencias/profesores/lina-liliana-osorio-sanabria","Es una profesora con mucho conocimiento y sabe transmitirlo. Suele ser un poco tosca con personas irrespetuosas con la clase. 
Califica duro pero es bastante acorde con lo explica y es muy abierta a responder las dudas que se presenten durante el desarrollo de la actividad. En algunos casos extiende la fecha de entrega de los trabajos debido a su complejidad.Pros: Posee bastante conocimiento en el área.","4.3"
"1576033210-11098","https://losestudiantes.co/","Rodrigo Alberto Marin CastilloGeociencias","https://losestudiantes.co/universidad-de-los-andes/geociencias/profesores/rodrigo-alberto-marin-castillo","Grandísimos conocimientos en la ingeniería mecánica y en industria petrolera, pocos en geociencias en general. Su clase se torna aburrida cuando da clase, pero cuando habla de proyectos y demás es más interesante. Lee las diapositivas y es bastante disperso haciendo esto.Pros: Parciales justosCons: Dispero y poco sabe de geociencias","3.5"
"1576033181-10954","https://losestudiantes.co/","Jean Baptiste TaryGeociencias","https://losestudiantes.co/universidad-de-los-andes/geociencias/profesores/jean-baptiste-tary","Las clases con Tary son buenas. Los parciales y tareas son muy relevantes para el curso y uno queda preparado para enfrentarse a problemas reales en sísmica y sismología. 
Este curso me motivó a hacer mi maestría en geofísica en Holanda.Pros: Siempre tiene tiempo fuera de clase para resolver las dudas de los alumnos. 
Si uno le propone proyectos para investigar el hace lo posible por desarrollarlos de la mejor manera posible.","5"
"1576033195-11031","https://losestudiantes.co/","Natalia Pardo VillavecesGeociencias","https://losestudiantes.co/universidad-de-los-andes/geociencias/profesores/natalia-pardo-villaveces","Explica bastante bien los temas y se entiende bastante bien. Pros: Los exámenes son de aplicar conocimiento y no de memoria.","4.6"
"1576033186-10986","https://losestudiantes.co/","Maria Del Carmen Huguet MicheoGeociencias","https://losestudiantes.co/universidad-de-los-andes/geociencias/profesores/maria-del-carmen-huguet-micheo","Puede que a veces se confunda su actitud con una actitud de superioridad pero eso no es así, ella es una muy buena profesora que sabe mucho del tema y a pesar que en general solo lee las diapositivas de sus presentaciones se preocupa por expresarse lo mejor posible. Pros: - si lees las presentaciones aseguras las actividades y los parciales, todo está ahíCons: - deja actividades para los modelos eternas","5"
"1576033203-11073","https://losestudiantes.co/","Fabio IwashitaGeociencias","https://losestudiantes.co/universidad-de-los-andes/geociencias/profesores/fabio-iwashita","fabio es un buen profesor, pero si toma las clases en español se va a confundir tiende a cambiar palabras Pros: explica bien y esta atento a dudasCons: casi no le entiende pero por eso es mas comprensivo","4"
"1576033186-10981","https://losestudiantes.co/","Maria Del Carmen Huguet MicheoGeociencias","https://losestudiantes.co/universidad-de-los-andes/geociencias/profesores/maria-del-carmen-huguet-micheo","Muy mala profesora.
Las clases con ella son muy vagas y pobres en contenido. Solo se reduce a leer lo que está en las diapositivas, aparentar que domina el tema, lanzar preguntas que tal vez ni ella sabe contestar y burlarse de los estudiantes. Muy pocas veces explicó los temas como se debía; o leía o se saltaba la diapositiva. Una vez el proyector...
Leer más...Pros: *Full energía.
*De vez en cuando las analogías que usa son buenas.
*Parciales acordes a las diapositivas.Cons: *Aparenta no dominar el tema.
*Tiene actitudes groseras y pedantes por cualquier cosa.
*Entrega notas un siglo después.
*Depende 100% de las diapositivas.","2"
"1576033192-11029","https://losestudiantes.co/","Adriana Delgado UribeGeociencias","https://losestudiantes.co/universidad-de-los-andes/geociencias/profesores/adriana-delgado-uribe","Aclara muchas dudas, pero las clases a veces son muy tediosas","4.5"
"1576033186-11000","https://losestudiantes.co/","Maria Del Carmen Huguet MicheoGeociencias","https://losestudiantes.co/universidad-de-los-andes/geociencias/profesores/maria-del-carmen-huguet-micheo","Es una buena profesora, pues tiene mucha experiencia como investigadora y es una reconocida científica, entonces sabe mucho. Sus clases son hasta de buena en energía. Sin embargo, como persona es un asco. Se burla y es grosera con los estudiantes, y ni se diga si uno va a su horario de atención a hacerle una pregunta. Es bastante mala persona. Sus parciales son de estudiar muchísimo, y pone mucha actividad por sicua. Pros: Es buena profesoraCons: Es mala persona","3.5"
"1576033186-10982","https://losestudiantes.co/","Maria Del Carmen Huguet MicheoGeociencias","https://losestudiantes.co/universidad-de-los-andes/geociencias/profesores/maria-del-carmen-huguet-micheo","Extremamente desordenada con las notas y muchas veces torpe y arrogante con los alumnosPros: Es una excelente científicaCons: No es una buena profesora","2"
"1576033210-11085","https://losestudiantes.co/","Rodrigo Alberto Marin CastilloGeociencias","https://losestudiantes.co/universidad-de-los-andes/geociencias/profesores/rodrigo-alberto-marin-castillo","El profesor procura que todos entiendan, puede que a veces se enrede mucho y haga chistes, pero siempre intenta hacer la clase lo mas amena posible, ademas los parciales no son nada difíciles, con lo que el explica en clase se puede sacar muy buena nota, así mismo el final tampoco es difícil.","5"
"1576033190-11022","https://losestudiantes.co/","Camilo Montes RodriguezGeociencias","https://losestudiantes.co/universidad-de-los-andes/geociencias/profesores/camilo-montes-rodriguez","Montes es el profesor que más me motivó en mi carrera, no es el mejor profesor que he tenido pero claramente su profesionalismo y sabiduría amplían profundamente sus deseos de aprender y superarse. Admiración es lo que siento por este personaje, es un gran ejemplo de dedicación, aptitud y devoción por lo que hacer. El mejor campo de toda la carrera, claramente, el de Geolocía Estructural. 
#TeamMontes #Imgonnamissu Pros: O le coje amor u odio a campo con este tipoCons: No es nada paciente.","4"
"1576033190-11013","https://losestudiantes.co/","Camilo Montes RodriguezGeociencias","https://losestudiantes.co/universidad-de-los-andes/geociencias/profesores/camilo-montes-rodriguez","Camilo Montes me ha hecho amar la geología. Se le nota el conocimiento y la pasión por lo que hace y si usted hace preguntas que no sean bobas, se las contesta con todo gusto. Tiene una personalidad que no es para todo el mundo, pero lo mejor es tomarlo con humor. Es falso que no se aprenda nada en campo, porque estar un día con él al frente significa entender una infinidad de cosas que uno ni se imaginaba. Sus charlas al final de campo nos dejaban atónitos a todos. Si es prepotente, tiene todo el derecho de serlo, bien pueda, porque es un excelente geólogo.","5"
"1576033210-11094","https://losestudiantes.co/","Rodrigo Alberto Marin CastilloGeociencias","https://losestudiantes.co/universidad-de-los-andes/geociencias/profesores/rodrigo-alberto-marin-castillo","No domina muy bien el tema, es un profesor querido, incluso gracioso, pero si usted estudia geociencias no meta con él, no va a aprender mucho, él se dedica a leer las diapositivas y a contar historias sobre su vida.","3"
"1576033201-11064","https://losestudiantes.co/","Idael Blanco QuinteroGeociencias","https://losestudiantes.co/universidad-de-los-andes/geociencias/profesores/idael-blanco-quintero","Es un profesor y una persona excelente. Uno aprende muchísimo en sus clases (explica muy bien y sus clases son muy amenas). Es de esos profesores que tienen una paciencia increíble para enseñar...","5"
"1576033190-11017","https://losestudiantes.co/","Camilo Montes RodriguezGeociencias","https://losestudiantes.co/universidad-de-los-andes/geociencias/profesores/camilo-montes-rodriguez","Excelente, el profesor que más me ha motivado en la carrera. Sabe demasiado. Se aprende mucho en la magistal y aún más en campo. Cons: Se fue de la universidad jaja","5"
"1576033201-11068","https://losestudiantes.co/","Idael Blanco QuinteroGeociencias","https://losestudiantes.co/universidad-de-los-andes/geociencias/profesores/idael-blanco-quintero","Excelente profesor. Sus clases son muy interesantes y los trabajos e investigaciones permiten que los estudiantes aprendamos mucho.","5"
"1576033186-10995","https://losestudiantes.co/","Maria Del Carmen Huguet MicheoGeociencias","https://losestudiantes.co/universidad-de-los-andes/geociencias/profesores/maria-del-carmen-huguet-micheo","Bueno. Huguet es una geóloga muy bien preparada. Definitivamente sabe de los temas de clase. La cuestión es la siguiente, el curso tiene demasiado tema para aprender y por ende para evaluar. Es decir, con esta profesora tienes que ir muy a la margen del programa. No hacer alguna actividad semanal es perder una gran oportunidad de ir con la continui...
Leer más...Pros: Sabe demasiado.
Suele hacer unos chistes que, pues, alegran el ambiente.
Hace actividades muy didácticas para aprendas los temas.
Parciales fáciles.Cons: Impulsiva.
No sube ni una décima.
Es de mucha memoria.","3.9"
"1576033186-10992","https://losestudiantes.co/","Maria Del Carmen Huguet MicheoGeociencias","https://losestudiantes.co/universidad-de-los-andes/geociencias/profesores/maria-del-carmen-huguet-micheo","Pros: Sabe de los temas, brinda datos interesantes, realiza actividades que motivan a aprender más acerca de la materia.Cons: Mala actitud, referencias pesadas, no es tan receptiva respecto a las preguntas realizadas por fuera y dentro de clase.","3"
"1576033210-11090","https://losestudiantes.co/","Rodrigo Alberto Marin CastilloGeociencias","https://losestudiantes.co/universidad-de-los-andes/geociencias/profesores/rodrigo-alberto-marin-castillo","El profesor es super querido, es muy buena persona, es atento a dudas con respecto a tareas y revisión de parciales, pero, a pesar de esto, es suuuuper desorganizado, las clases son muy tediosas y en ocasiones se limita solo a leer diapositivasPros: Chistes, es muy amable y respetuosoCons: Aburrido, no se aprende tanto","3"
"1576033195-11037","https://losestudiantes.co/","Natalia Pardo VillavecesGeociencias","https://losestudiantes.co/universidad-de-los-andes/geociencias/profesores/natalia-pardo-villaveces","Natalia es una profesora muy buena. Sabe demasiado de los temas y se da a entender muy fácil. Se preocupa porque todos sus estudiantes entiendan a la perfección.","5"
"1576033186-11002","https://losestudiantes.co/","Maria Del Carmen Huguet MicheoGeociencias","https://losestudiantes.co/universidad-de-los-andes/geociencias/profesores/maria-del-carmen-huguet-micheo","Sabe mucho de los temas que enseña en la clase, le gusta lo que hace pero a ratos es prepotente frente a los estudiantes, en ocasiones tiene una actitud que puede chocar con las personas y no se si sea muy común en ella pero este semestre no asistió a varias clases por cuestiones de fuerza mayor, pero pienso que fuimos nosotros los perjudicados porque la persona que ella consiguió para reemplazarla no me parecía una profesora buena.Pros: Se aprende en la claseCons: Puede pasar por prepotente en ocasiones y eso genera mal ambiente","3.4"
"1576033195-11032","https://losestudiantes.co/","Natalia Pardo VillavecesGeociencias","https://losestudiantes.co/universidad-de-los-andes/geociencias/profesores/natalia-pardo-villaveces","Natalia es experta en el tema de vulcanología. Maneja todos los temas a la perfección, las clases son muy buenas, entretenidas y de excelente contenido. Siempre se preocupa por que todos los estudiantes entiendan, hace talleres muy útiles en los que se refleja lo que se aprende en el curso. EXCELTE PROFESORA.Pros: Todo","5"
"1576033219-11128","https://losestudiantes.co/","Maria Emile DarocaGeociencias","https://losestudiantes.co/universidad-de-los-andes/geociencias/profesores/maria-emile-daroca","Maria es una profesora paciente que ayuda a sus estudiantes y puede pasar una clase entera explicándote lo que necesitas. En general, es muy amable y sabe mucho de lo que habla. Lo que en realidad es malo de su clase es que no sube las notas a SICUA a tiempo y se tarda en responder por quejas o reclamos. 
En general, es una buena clase.Pros: Sabe explicar con calma Cons: Tienes que tratarla con cuidado pues viene de una cultura diferente.","4.2"
"1576033197-11054","https://losestudiantes.co/","Alba Marina Suarez RojasGeociencias","https://losestudiantes.co/universidad-de-los-andes/geociencias/profesores/alba-marina-suarez-rojas","Si la clase es temprano aveces llega unos minutos tarde a ""explicar"" el tema muy por encima y sale del salón dejándolo a uno con dudas tratando de completar la actividad con los compañeros sin aprender mucho. (una vez salí y la encontré desayunando mientras adentro la esperábamos para hacerle preguntas) No motiva ir a clase ya que aveces esta no parece preparada.  Pros: Es fácil pasar","2"
"1576033214-11124","https://losestudiantes.co/","Leslie Francis NoeGeociencias","https://losestudiantes.co/universidad-de-los-andes/geociencias/profesores/leslie-francis-noe","Leslie es un muy buen profesor, se nota que le apasiona lo que hace y por eso es muy fácil transmitir sus conocimientos aunque no hable muy bien el español. Durante los módulos hace diferentes actividades didácticas, las cuales son muy divertidas y ayudan mucho a aprender. Por otro lado, en los parciales es importante hacer reclamos en las preguntas abiertas, ya que leslie no es e que califica sino los monitores, y estos aveces bajan aunque la respuesta este bien. Recomiendo mucho meter con él.","4.9"
"1576033203-11072","https://losestudiantes.co/","Fabio IwashitaGeociencias","https://losestudiantes.co/universidad-de-los-andes/geociencias/profesores/fabio-iwashita","Fabio sabe mucho de los temas de la clase, hizo un esfuerzo muy grande en dictar la clase en español, sin embargo algunas cosas no se entendian Pros: Sabe mucho y le interesa que los estudiantes aprendanCons: es un poco desorganizado y a veces no se le entiende","4.5"
"1576033186-10990","https://losestudiantes.co/","Maria Del Carmen Huguet MicheoGeociencias","https://losestudiantes.co/universidad-de-los-andes/geociencias/profesores/maria-del-carmen-huguet-micheo","Puede ser un poco ruda a veces. Pero sabe mucho de los temas que explica. Es exigente calificando.","2.8"
"1576033214-11113","https://losestudiantes.co/","Leslie Francis NoeGeociencias","https://losestudiantes.co/universidad-de-los-andes/geociencias/profesores/leslie-francis-noe","Es un buen profesor, explica muy bien más sin embargo, muchas veces aburre.  Los parciales son extensos y califica demasiado duro. Pros: Muy querido","3.4"
"1576033190-11023","https://losestudiantes.co/","Camilo Montes RodriguezGeociencias","https://losestudiantes.co/universidad-de-los-andes/geociencias/profesores/camilo-montes-rodriguez","Pésimo profesor, su mayor contra es que sabe mucho y por eso se cree una eminencia. Camilo es el científico del año mas no profesor. Desafía a sus estudiantes, los denigra y sobre todo infunde miedo, para mi Camilo es uno de los profesores mas despreciable de toda la universidad.

Recomendaciones: 
- No pregunte por que lo va tomar como inepto y a ridiculizar.
- Tenga cuidado por que sus exámenes de preparación no tienen nada que ver con el parcial.
- A campo no se aprende lo suficiente, Camilo esta mas pendiente de molestar a sus estudiantes en vez de enseñarles.","1"
"1576033195-11035","https://losestudiantes.co/","Natalia Pardo VillavecesGeociencias","https://losestudiantes.co/universidad-de-los-andes/geociencias/profesores/natalia-pardo-villaveces","Natalia es muy querida y muy buena profesora. Explica todo los temas en detalle y responde muy rápido al correo si se tiene alguna duda. Sin embargo, para los parciales hay que aprenderse todo de memoria ya que el parcial es una prueba de velocidad. La mayoría de las preguntas son abiertas y exigen que se respondan muy detalladamente.","5"
"1576033186-11005","https://losestudiantes.co/","Maria Del Carmen Huguet MicheoGeociencias","https://losestudiantes.co/universidad-de-los-andes/geociencias/profesores/maria-del-carmen-huguet-micheo","Bueno. Huguet es una geóloga muy bien preparada. Definitivamente sabe de los temas de clase. La cuestión es la siguiente, el curso tiene demasiado tema para aprender y por ende para evaluar. Es decir, con esta profesora tienes que ir muy a la margen del programa. No hacer alguna actividad semanal es perder una gran oportunidad de ir con la continuidad del curso. Huguet es, en mi opinión, un poco impulsiva, a lo que me refiero es que puedes esperar cualquier tipo de comentario de ella. Es muy común que haga comentarios tipo ""xenófobos"" que pueden ofender, pero el punto es que no vienes a la U a ponerle atención, vienes a aprender y ser un buen profesional.Pros: Sabe demasiado.
Suele hacer unos chistes que, pues, alegran el ambiente.
Hace actividades muy didácticas para aprendas los temas.
Parciales fáciles.Cons: Impulsiva.
No sube ni una décima.
Es de mucha memoria.","3.9"
"1576033205-11077","https://losestudiantes.co/","Andres Ignacio Rodriguez VargasGeociencias","https://losestudiantes.co/universidad-de-los-andes/geociencias/profesores/andres-ignacio-rodriguez-vargas","Excelente profesor, dispuesto a aclarar cualquier duda, además muy buena actitud con los estudiantes","5"
"1576033210-11095","https://losestudiantes.co/","Rodrigo Alberto Marin CastilloGeociencias","https://losestudiantes.co/universidad-de-los-andes/geociencias/profesores/rodrigo-alberto-marin-castillo","Explica bien aunque se ve que no sabe mucho del tema, siempre está dispuesto a colaborar Pros: Parciales fáciles Cons: Se desvía constantemente","5"
"1576033205-11076","https://losestudiantes.co/","Andres Ignacio Rodriguez VargasGeociencias","https://losestudiantes.co/universidad-de-los-andes/geociencias/profesores/andres-ignacio-rodriguez-vargas","Es uno de los mejores profesores que he tenido, para el es fundamental que uno entienda en serio lo que está haciendo y puede casi que omitir el resto de la clase solo por explicar un tema dificil","5"
"1576033195-11042","https://losestudiantes.co/","Natalia Pardo VillavecesGeociencias","https://losestudiantes.co/universidad-de-los-andes/geociencias/profesores/natalia-pardo-villaveces","Muy carismática, se aprende demasiado","5"
"1576033197-11053","https://losestudiantes.co/","Alba Marina Suarez RojasGeociencias","https://losestudiantes.co/universidad-de-los-andes/geociencias/profesores/alba-marina-suarez-rojas","No explica bien","1.5"
"1576033214-11115","https://losestudiantes.co/","Leslie Francis NoeGeociencias","https://losestudiantes.co/universidad-de-los-andes/geociencias/profesores/leslie-francis-noe","Sus clases son excelentes y las hace entretenidas con sus mímicas. Pros: Transmite la pasión que siente por su área","5"
"1576033186-10989","https://losestudiantes.co/","Maria Del Carmen Huguet MicheoGeociencias","https://losestudiantes.co/universidad-de-los-andes/geociencias/profesores/maria-del-carmen-huguet-micheo","La dinámica que emplea para la clase es bastante efectiva, dado que permite un mejor entendimiento de las temáticas. Cuando explica, lo hace bien. Sin embargo, su actitud es bastante pesada: se le ve poco dispuesta a atender las dudas de los estudiantes (por más estúpidas que sean), además de que tiene cierta obsesión por controlar todo lo que suce...
Leer más...","3"
"1576033210-11101","https://losestudiantes.co/","Rodrigo Alberto Marin CastilloGeociencias","https://losestudiantes.co/universidad-de-los-andes/geociencias/profesores/rodrigo-alberto-marin-castillo","Es el profesor mas autentico con el que he visto clase, dice muchas groserias en clase y va contando sus historias de vida. Es un poco tedioso cuando explica el tema teorico pero se esfuerza mucho por hacer que las cosas sean claras. Pros: Uno se rie muchisimoCons: No motiva ir a clase","5"
"1576033195-11038","https://losestudiantes.co/","Natalia Pardo VillavecesGeociencias","https://losestudiantes.co/universidad-de-los-andes/geociencias/profesores/natalia-pardo-villaveces","Natalia es muy buena profesora, es paciente y explica muy bien los temas.","5"
"1576033210-11092","https://losestudiantes.co/","Rodrigo Alberto Marin CastilloGeociencias","https://losestudiantes.co/universidad-de-los-andes/geociencias/profesores/rodrigo-alberto-marin-castillo","Es un profesor demasiado querido. Estaba medio perdido con la clase porque era la primera vez que la daba pero confio en que el proximo semestre será mucho mejor. Pros: Divertido. Cons: Bastante desorganizado","5"
"1576033214-11114","https://losestudiantes.co/","Leslie Francis NoeGeociencias","https://losestudiantes.co/universidad-de-los-andes/geociencias/profesores/leslie-francis-noe","Leslie es lo que debería ser un profesor: dinámico, apasionado y comprensivo.
Nunca me aburrí en sus clases, a pesar de que la paleontología no es muy interesante para mi, Leslie sabía hacer muy bien sus clases.Pros: Hace curva al finalCons: Califica muy muy duro","4.5"
"1576033186-11003","https://losestudiantes.co/","Maria Del Carmen Huguet MicheoGeociencias","https://losestudiantes.co/universidad-de-los-andes/geociencias/profesores/maria-del-carmen-huguet-micheo","La dinámica que emplea para la clase es bastante efectiva, dado que permite un mejor entendimiento de las temáticas. Cuando explica, lo hace bien. Sin embargo, su actitud es bastante pesada: se le ve poco dispuesta a atender las dudas de los estudiantes (por más estúpidas que sean), además de que tiene cierta obsesión por controlar todo lo que sucede dentro del salón de clases, como si se estuviera en un colegio. Los parciales son fáciles siempre y cuando se estudie con dedicación, dado que es mucho el tema que se maneja.","3"
"1576033210-11081","https://losestudiantes.co/","Rodrigo Alberto Marin CastilloGeociencias","https://losestudiantes.co/universidad-de-los-andes/geociencias/profesores/rodrigo-alberto-marin-castillo","Rodrigo es el peor profesor que he tenido, la verdad de no ser por los asistentes graduados no hubiera aprendido nada. No prepara la clase, no hay un buen ambiente de clase. El profesor se nota que sabe mucho pero no transmite para nada ese conocimiento, solo usa unas diapositivas que ni el sabe están correctas o no porque las saco de quién sabe donde. La verdad no recomendaría a nadie ver la materia con él. Es chistoso pero cuando uno se da cuenta que la clase no sirve para nada ya no lo es tanto.Pros: Es chistoso de vez en cuando. 
Cons: Todo.","1.5"
"1576033205-11078","https://losestudiantes.co/","Andres Ignacio Rodriguez VargasGeociencias","https://losestudiantes.co/universidad-de-los-andes/geociencias/profesores/andres-ignacio-rodriguez-vargas","(Laboratorio Minerales Formadores de rocas)
Explica muy bien todo y se preocupa por que uno entienda. Atiende dudas y explica las respuestas muy bien.","5"
"1576033201-11067","https://losestudiantes.co/","Idael Blanco QuinteroGeociencias","https://losestudiantes.co/universidad-de-los-andes/geociencias/profesores/idael-blanco-quintero","Excelente profesor! sabe mucho de la geología de Colombia siendo extranjero.","5"
"1576033197-11050","https://losestudiantes.co/","Alba Marina Suarez RojasGeociencias","https://losestudiantes.co/universidad-de-los-andes/geociencias/profesores/alba-marina-suarez-rojas","Es una excelente profesora, si uno esta enserio interesado en el tema y por aprender, ella lo nota y se apersona de la situación, aunque no es muy dinámica, explica muy bien y tiene mucho conocimiento de los temas. Es carismatica y buena gente, ademas es comprensiva y ayuda mucho en lo que uno necesite! Pros: Es para dejar la materia alta","5"
"1576033201-11063","https://losestudiantes.co/","Idael Blanco QuinteroGeociencias","https://losestudiantes.co/universidad-de-los-andes/geociencias/profesores/idael-blanco-quintero","Excelente profesor, en verdad le interesa que los estudiantes entiendan.Pros: Todo, es excelente.Cons: Algunos parciales o quices pueden ser difíciles pero nada grave.","5"
"1576033210-11097","https://losestudiantes.co/","Rodrigo Alberto Marin CastilloGeociencias","https://losestudiantes.co/universidad-de-los-andes/geociencias/profesores/rodrigo-alberto-marin-castillo","Sabe demasiado de ingeniería mecánica y tiene mucha experiencia. Es mas interesante cuando habla de eso que del tema de la clase. Se centra demasiado en el proyecto del curso, aunque si intenta que el estudiante aprenda mediante los talleres y quices que haces.","3.8"
"1576033210-11091","https://losestudiantes.co/","Rodrigo Alberto Marin CastilloGeociencias","https://losestudiantes.co/universidad-de-los-andes/geociencias/profesores/rodrigo-alberto-marin-castillo","Pros: Es una buena persona. Si le hacen reclamos es muy probable que los acepte y les suba la notaCons: No hace nada el (parciales, tareas, diapositivas). Sus parciales son dificiles y se demora como 1 mes en dar la nota","3"
"1576033186-10998","https://losestudiantes.co/","Maria Del Carmen Huguet MicheoGeociencias","https://losestudiantes.co/universidad-de-los-andes/geociencias/profesores/maria-del-carmen-huguet-micheo","Carme es la profesora más odiosa que he tenido hasta ahora. Es muy ruda en sus clases. Sus gestos y actitudes frente a las dudas es terrible, te hace sentir como un tonto al no saber algo.
Sus clases dinámicas llegan a ser buenas, pero da pereza ir a sus clasesCons: Mala actitud","2.5"
"1576033186-10980","https://losestudiantes.co/","Maria Del Carmen Huguet MicheoGeociencias","https://losestudiantes.co/universidad-de-los-andes/geociencias/profesores/maria-del-carmen-huguet-micheo","Es una buena profesora, pues tiene mucha experiencia como investigadora y es una reconocida científica, entonces sabe mucho. Sus clases son hasta de buena en energía. Sin embargo, como persona es un asco. Se burla y es grosera con los estudiantes, y ni se diga si uno va a su horario de atención a hacerle una pregunta. Es bastante mala persona. Sus ...
Leer más...Pros: Es buena profesoraCons: Es mala persona","3.5"
"1576033219-11131","https://losestudiantes.co/","Maria Emile DarocaGeociencias","https://losestudiantes.co/universidad-de-los-andes/geociencias/profesores/maria-emile-daroca","Es una profesora muy buena y dedicada. En el laboratorio siempre se aseguraba de que todos entendiéramos cuando daba las explicaciones, e incluso abría espacios fuera de la clase para resolver las dudas con los laboratorios, además, da una retroalimentación de los trabajos entregados para que no queden vacíos. Es muy amable y justa con las calificaciones.","5"
"1576033183-10969","https://losestudiantes.co/","Mario Fernando Angarita VargasGeociencias","https://losestudiantes.co/universidad-de-los-andes/geociencias/profesores/mario-fernando-angarita-vargas","Es muy claro en lo que explica, deja ejercicios que sirven para entender el tema y siempre esta atento a dudas.","5"
"1576033192-11024","https://losestudiantes.co/","Adriana Delgado UribeGeociencias","https://losestudiantes.co/universidad-de-los-andes/geociencias/profesores/adriana-delgado-uribe","Adriana siempre esta dispuesta a ayudarte y es una muy buena profesora, aunque no aprendí 100% ella trata que tu entiendas .","3.9"
"1576033186-10997","https://losestudiantes.co/","Maria Del Carmen Huguet MicheoGeociencias","https://losestudiantes.co/universidad-de-los-andes/geociencias/profesores/maria-del-carmen-huguet-micheo","Mala profesora, se cree superior con respecto a nosotros los colombianos ya que ella es de España, mala disposición a dictar la clase, si uno se sale de la clase así sea a ir al baño ella no le deja entregar el trabajo de la clase ya que no le pidió permiso.
A cada rato se queja de los colombianos, por lo cual hace un mal ambiente de aprendizajePros: Conoce bastante su areaCons: Parece ser xenofobica
Mala disposición al dar la clase
No soluciona dudas","1"
"1576033201-11066","https://losestudiantes.co/","Idael Blanco QuinteroGeociencias","https://losestudiantes.co/universidad-de-los-andes/geociencias/profesores/idael-blanco-quintero","Muy buen profesor, sabe mucho de Colombia siendo extranjero.","5"
"1576033186-10991","https://losestudiantes.co/","Maria Del Carmen Huguet MicheoGeociencias","https://losestudiantes.co/universidad-de-los-andes/geociencias/profesores/maria-del-carmen-huguet-micheo","Es la típica profesora que genera mal genio en muchos pero a mi parecer es una dura en su área. En sus clases, aunque va un poco rápido, va al grano y explica lo necesario.Pros: Tiene un humor especial y explica bien Cons: Sus parciales pueden ser tediosos y suele ser olvidadiza.","3.3"
"1576033181-10963","https://losestudiantes.co/","Jean Baptiste TaryGeociencias","https://losestudiantes.co/universidad-de-los-andes/geociencias/profesores/jean-baptiste-tary","Al profesor le gusta que en sus parciales se responda todo lo que se haya visto. Si en un quiz o parcial te sale una pregunta tal como: ¿qué tipo de ondas hay? tu debes contestar todo lo que sepas de las ondas: el tipo, el nombre, sus características y por qué se diferencian unas de las otras. Al profesor le gusta que uno responda con los mismos té...
Leer más...Pros: Pregunta sobre los temas vistos en claseCons: En algunas ocaciones sus diapositivas no contienen toda la info (por ejemplo, el enunciado de un ejercicio y su solución, pero no el proceso)","3"
"1576033214-11109","https://losestudiantes.co/","Leslie Francis NoeGeociencias","https://losestudiantes.co/universidad-de-los-andes/geociencias/profesores/leslie-francis-noe","Leslie es de los mejores profesores que he tenido en la vida. Si, califica muy duro, y si, es muy quisquilloso con la calificaciones (pero para eso el hace curva). Es una persona demasiado competente, comprende los temas y le apasiona mostrarlos. Me ha motivado, y su clase la encontré muy interesante, a pesar de las dificultades. La clase es muy di...
Leer más...Pros: Conoce muy bien el tema.
Le apasiona lo que enseña. 
Responde dudas.
Hace curva.Cons: Sus rúbricas de calificación son muy duras, pero no imposibles.","5"
"1576033190-11018","https://losestudiantes.co/","Camilo Montes RodriguezGeociencias","https://losestudiantes.co/universidad-de-los-andes/geociencias/profesores/camilo-montes-rodriguez","Pésimo profesor, su mayor contra es que sabe mucho y por eso se cree una eminencia. Camilo es el científico del año mas no profesor. Desafía a sus estudiantes, los denigra y sobre todo infunde miedo, para mi Camilo es uno de los profesores mas despreciable de toda la universidad.

Recomendaciones: 
- No pregunte por que lo va tomar como inepto y a ...
Leer más...","1"
"1576033201-11058","https://losestudiantes.co/","Idael Blanco QuinteroGeociencias","https://losestudiantes.co/universidad-de-los-andes/geociencias/profesores/idael-blanco-quintero","Es muy buen profesor, te va a explicar , te va a volver a explicar hasta que lo entiendas , sus clases son graciosas y anecdóticas. Muy buen ánimo en general en la clasePros: Se pasa rápido la clase porque no es aburrida
Se aprende mucho
Cons: Sus parciales son algo dificiles pero nada grave si se pone atencion","5"
"1576033186-10974","https://losestudiantes.co/","Maria Del Carmen Huguet MicheoGeociencias","https://losestudiantes.co/universidad-de-los-andes/geociencias/profesores/maria-del-carmen-huguet-micheo","Pésima profesora. Es demasiado grosera. Es prepotente y por el hecho de ser española se cree más que todos. No la recomiendo para nada.Pros: Sube todo a SicuaCons: Grosera, prepotente y demáss","1.8"
"1576033197-11049","https://losestudiantes.co/","Alba Marina Suarez RojasGeociencias","https://losestudiantes.co/universidad-de-los-andes/geociencias/profesores/alba-marina-suarez-rojas","Alba es una profesora increíble, domina los temas demasiado bien, además de que se nota que quiere que cada uno de los estudiantes entiendan y aprueben.
Super recomendada","5"
"1576033192-11027","https://losestudiantes.co/","Adriana Delgado UribeGeociencias","https://losestudiantes.co/universidad-de-los-andes/geociencias/profesores/adriana-delgado-uribe","Muy buena como profesora y como persona. Guía bien las clases.Pros: Gracias :)Cons: Ninguno","5"
"1576033203-11070","https://losestudiantes.co/","Fabio IwashitaGeociencias","https://losestudiantes.co/universidad-de-los-andes/geociencias/profesores/fabio-iwashita","Sabe mucho del tema, es buen profesor. Su español no es el mejor pero hace un gran esfuerzo por hacerse entender, intenta hacer la clase dinámica y constantemente anima a los estudiantes a hacer preguntas.","3.5"
"1576033210-11084","https://losestudiantes.co/","Rodrigo Alberto Marin CastilloGeociencias","https://losestudiantes.co/universidad-de-los-andes/geociencias/profesores/rodrigo-alberto-marin-castillo","Es poco organizado, no cumple con el programa. Sabe del tema pero no sabe enseñar. Al final del semestre ya nadie iba a clase. Los parciales son escritos y tienen preguntas abiertas y cerradas. Pros: Hace chistesCons: La clase se vuelve muy aburrida
Parciales difíciles
Tareas largas","2"
"1576033219-11130","https://losestudiantes.co/","Maria Emile DarocaGeociencias","https://losestudiantes.co/universidad-de-los-andes/geociencias/profesores/maria-emile-daroca","Es muy buena, sabe y se desenvuelve bien en las temáticas tratadasPros: Sabe explicarse muy bien.
Es muy amable.
No permite que nadie tenga dudas, las resuelve siempre.
Trabajos sencillos.
Parciales sencillos.Cons: Es francesa, por lo que a veces se le dificulta una que otra palabra, pero logra desenvolverse bien y explicar claramente.","5"
"1576033214-11111","https://losestudiantes.co/","Leslie Francis NoeGeociencias","https://losestudiantes.co/universidad-de-los-andes/geociencias/profesores/leslie-francis-noe","No explica con claridad y a profundidad cada tema, aunque si es muy querido con sus estudiantes y  es apasionado por la clase. Sus parciales no suelen ser acorde a lo visto en clase. No tiene el mejor nivel de español. Pros: AmableCons: Califica duro 
No explica a profundidad 
Parciales difíciles","2.5"
"1576033192-11026","https://losestudiantes.co/","Adriana Delgado UribeGeociencias","https://losestudiantes.co/universidad-de-los-andes/geociencias/profesores/adriana-delgado-uribe","Explica los laboratorios bien antes de iniciar, aunque  a veces no tiende a acompañar bien el laboratorio en cuanto a la solución de dudas.","3.5"
"1576033190-11015","https://losestudiantes.co/","Camilo Montes RodriguezGeociencias","https://losestudiantes.co/universidad-de-los-andes/geociencias/profesores/camilo-montes-rodriguez","Es claro que es un muy buen científico, pero se queda muy corto con la pedagogía. Cons: - Modo de evaluar malo.","2.5"
"1576033188-11011","https://losestudiantes.co/","Jose Vicente Rodriguez JimenezGeociencias","https://losestudiantes.co/universidad-de-los-andes/geociencias/profesores/jose-vicente-rodriguez-jimenez","Buen guía de laboratorio. Se esmera por que el estudiante aprenda y es muy buena persona en general.","5"
"1576033188-11010","https://losestudiantes.co/","Jose Vicente Rodriguez JimenezGeociencias","https://losestudiantes.co/universidad-de-los-andes/geociencias/profesores/jose-vicente-rodriguez-jimenez","Vicente es de los mejores profesores que se puede llegar a tener, es muy gracioso, se preocupa muchísimo por los estudiantes. A pesar de no ser paleontólogo sabe mucho de los temas y es fácil entender los temas.
Cons: En ocasiones no se sabe cuales son sus parámetros de calificación.","5"
"1576033181-10957","https://losestudiantes.co/","Jean Baptiste TaryGeociencias","https://losestudiantes.co/universidad-de-los-andes/geociencias/profesores/jean-baptiste-tary","La salida de campo se acerca mucho a lo que uno hace en el trabajo de geofísica profesionalmente.Pros: La clase es interesante y se aprende mucho.","5"
"1576033195-11043","https://losestudiantes.co/","Natalia Pardo VillavecesGeociencias","https://losestudiantes.co/universidad-de-los-andes/geociencias/profesores/natalia-pardo-villaveces","Las clases son geniales con ella. Explica muy bien los temas y es facil entender.Pros: Aclara muchas dudas y se precoupa por que uno entienda.","5"
"1576033188-11007","https://losestudiantes.co/","Jose Vicente Rodriguez JimenezGeociencias","https://losestudiantes.co/universidad-de-los-andes/geociencias/profesores/jose-vicente-rodriguez-jimenez","Es un excelente profesor, es muy querido, amable, y sabe mucho del tema. Es muy bueno explicando y al que le ve las ganas y la motivación les ayuda un montón. No califica tan duro pero es riguroso y las clases son muy chéveres. Pros: Es muy crack en los temas Cons: Los laboratorios son muy largos pero no es culpa de él.","5"
"1576033190-11021","https://losestudiantes.co/","Camilo Montes RodriguezGeociencias","https://losestudiantes.co/universidad-de-los-andes/geociencias/profesores/camilo-montes-rodriguez","Mal profesor , aunque sabe mucho no lo sabe reflejar . Su explicación es muy confusa","1"
"1576033197-11048","https://losestudiantes.co/","Alba Marina Suarez RojasGeociencias","https://losestudiantes.co/universidad-de-los-andes/geociencias/profesores/alba-marina-suarez-rojas","Alba es muy querida, en verdad las clases que tuvimos con ella del lab durante el semestre fueron muy buenas. Calificaba suave y ella en verdad se daba cuenta de quien trabajaba y quien no. Es una excelente geóloga y se nota su pasión por el campo.","4.5"
"1576033186-11006","https://losestudiantes.co/","Maria Del Carmen Huguet MicheoGeociencias","https://losestudiantes.co/universidad-de-los-andes/geociencias/profesores/maria-del-carmen-huguet-micheo","Es demasiado despreciable, además de ser denigrante es grosera con los estudiantes, es nada comprensiva, se burla de los estudiantes. Su clase se resume en leer tal cual las diapositivas, aporta cero al conocimiento y no explica nada, da pereza ir a clase. Su personalidad es dárselas de muy ruda y su cara al hacer cualquier pregunta es de fastidio. Considero que no le gusta lo que hace, siempre tiene esa actitud de insatisfacción por todo! Pros: Los parciales no suelen ser tan complicados aunque bajan puntos por cualquier cosita. Cons: Todo","1"
"1576033214-11120","https://losestudiantes.co/","Leslie Francis NoeGeociencias","https://losestudiantes.co/universidad-de-los-andes/geociencias/profesores/leslie-francis-noe","A pesar de que le pone mucho empeño a las clases y su preparación, no es estratígrafo ni tiene experiencia en campo de estratigrafía. No es su especialidad y tampoco le apasiona.","3"
"1576033217-11127","https://losestudiantes.co/","Jillian PearseGeociencias","https://losestudiantes.co/universidad-de-los-andes/geociencias/profesores/jillian-pearse","Bastante divertida, se enreda a veces con el español
Atiende muchas dudas dentro y fuera del salón","4"
"1576033186-10978","https://losestudiantes.co/","Maria Del Carmen Huguet MicheoGeociencias","https://losestudiantes.co/universidad-de-los-andes/geociencias/profesores/maria-del-carmen-huguet-micheo","Vi introducción a la oceanografia con ella. La peor profesora que he tenido en mi vida, prepotente y arrogante, supe grosera con los estudiantes. Además, las clases eran tediosas y poco interesantes a pesar de ser su campo de estudio. 
No recomiendo NADA con ellaPros: NadaCons: Mala persona
Prepotente
Grosera","1.5"
"1576033210-11096","https://losestudiantes.co/","Rodrigo Alberto Marin CastilloGeociencias","https://losestudiantes.co/universidad-de-los-andes/geociencias/profesores/rodrigo-alberto-marin-castillo","Sabe demasiado de los sistemas mecánicos y sus componentes, sin embargo la clase es enredada y poco preparada. Es muy abierto a solicitudes de los estudiantes. Pros: Conocedor del tema
AmigableCons: Clase desordenada","4.2"
"1576033197-11056","https://losestudiantes.co/","Alba Marina Suarez RojasGeociencias","https://losestudiantes.co/universidad-de-los-andes/geociencias/profesores/alba-marina-suarez-rojas","//laboratorio geología//
sus clases son muy simples y no explica de una manera clara en los laboratorios sino uno tiene que hacer las cosas como pueda.Cons: no motiva ir a clase","2.6"
"1576033219-11129","https://losestudiantes.co/","Maria Emile DarocaGeociencias","https://losestudiantes.co/universidad-de-los-andes/geociencias/profesores/maria-emile-daroca","Muy buena profesora, aunque un poco callada. Muy crackPros: Deja todo el procedimiento claro.
Califica bien.
Resuelve dudas y ayuda con problemas de dibujo.","5"
"1576033214-11119","https://losestudiantes.co/","Leslie Francis NoeGeociencias","https://losestudiantes.co/universidad-de-los-andes/geociencias/profesores/leslie-francis-noe","Es buen profesor... Sólo que no enseña para el parcial. Por eso su materia resulta difícil y tediosa.","3.1"
"1576033186-10970","https://losestudiantes.co/","Maria Del Carmen Huguet MicheoGeociencias","https://losestudiantes.co/universidad-de-los-andes/geociencias/profesores/maria-del-carmen-huguet-micheo","Es bastante seria y ""ruda"" con su expresión, pero no tiene una acititud tan mala como muchos lo pintan. Explica bien las clases, y en el caso que quedara alguna duda imporantes y no pudiera responderla en el instante, lo hacía al inicio de la otra siempre. Sus parciales son bastante didacticos aunque  templados.Pros: Se preocupa por el aprendizajeCons: Las tareas de clase en clase las revisan tarde y no influyen para nada en la nota","4"
"1576033197-11052","https://losestudiantes.co/","Alba Marina Suarez RojasGeociencias","https://losestudiantes.co/universidad-de-los-andes/geociencias/profesores/alba-marina-suarez-rojas","3
A veces se sale del salón en plena clase y nos deja trabajando y con dudas sin resolver. Sin embargo intenta explicar de la mejor forma para que se pueda entender el tema","3.1"
"1576033214-11112","https://losestudiantes.co/","Leslie Francis NoeGeociencias","https://losestudiantes.co/universidad-de-los-andes/geociencias/profesores/leslie-francis-noe","Es un profesor muy apasionado por su clase y la hace dinámica con diferentes actividades, con él  se aprende mucho.","4"
"1576033186-10993","https://losestudiantes.co/","Maria Del Carmen Huguet MicheoGeociencias","https://losestudiantes.co/universidad-de-los-andes/geociencias/profesores/maria-del-carmen-huguet-micheo","Sabe del tema pero a la hora de explicar es confuso y es un poco arogante a la hora de hablar. es muy exigente con las llegadas y es muy escuelara con respecto a salir de la clase. si te sales o te encuentra con el celular no recibe el trabajo de ese dia y pierdes la nota.Pros: sabe del tema 
ejercicios practicos
parciales faciles Cons: no explica bien
se enreda 
si te sales de clase pierdes","3.1"
"1576033201-11061","https://losestudiantes.co/","Idael Blanco QuinteroGeociencias","https://losestudiantes.co/universidad-de-los-andes/geociencias/profesores/idael-blanco-quintero","Muy buen profesor y ser humano, apasionado por lo que hace, transmitiendo esto a los estudiantes.","5"
"1576033214-11123","https://losestudiantes.co/","Leslie Francis NoeGeociencias","https://losestudiantes.co/universidad-de-los-andes/geociencias/profesores/leslie-francis-noe","Leslie es de los mejores profesores que he tenido en la vida. Si, califica muy duro, y si, es muy quisquilloso con la calificaciones (pero para eso el hace curva). Es una persona demasiado competente, comprende los temas y le apasiona mostrarlos. Me ha motivado, y su clase la encontré muy interesante, a pesar de las dificultades. La clase es muy dinámica, sin embargo deja mucho trabajo, aunque hay que considerar que la cantidad de tema es mucha. Atiende todas las dudas que surgen, es flexible con el inglés (en los parciales, en los trabajo no porque precisamente hay mas tiempo). Pros: Conoce muy bien el tema.
Le apasiona lo que enseña. 
Responde dudas.
Hace curva.Cons: Sus rúbricas de calificación son muy duras, pero no imposibles.","5"
"1576033186-10988","https://losestudiantes.co/","Maria Del Carmen Huguet MicheoGeociencias","https://losestudiantes.co/universidad-de-los-andes/geociencias/profesores/maria-del-carmen-huguet-micheo","Pros: Da muchas oportunidades para pasar la materia. Hace quices sorpresa de los que saca muchas preguntas para el parcial y final. Ella es quien hace todos las evaluaciones de la materia. Sabe mucho e intentar que la clase sea interesante. Para tener una buena calificación basta con repasar todas las diapositivas que sube a Sicua+.Cons: A veces tiene una actitud de superioridad. Cree que uno lo sabe todo. A veces es muy grosera con los estudiantes. El supletorio es oral y es imposible. Los monitores se demoran los diez días hábiles en calificar las tareas y parciales.","2.8"
"1576033192-11030","https://losestudiantes.co/","Adriana Delgado UribeGeociencias","https://losestudiantes.co/universidad-de-los-andes/geociencias/profesores/adriana-delgado-uribe","se remite a seguir el orden de las presentaciones da ejemplo de la vida de ella pero es dificil ponerle cuidado.Pros: Dice lo que sale en el parcialCons: Es monota","4"
"1576033205-11075","https://losestudiantes.co/","Andres Ignacio Rodriguez VargasGeociencias","https://losestudiantes.co/universidad-de-los-andes/geociencias/profesores/andres-ignacio-rodriguez-vargas","Andrés es un increíble ser humano y excelente profesor. Es demasiado comprensivo y está dispuesto a ayudar de mil maneras, además que logra explicar los temas de la manera más clara. Da gusto ir a clase con él.Pros: Comprensión, no le importan muchos las notas, siempre califica muy suave","5"
"1576033219-11132","https://losestudiantes.co/","Maria Emile DarocaGeociencias","https://losestudiantes.co/universidad-de-los-andes/geociencias/profesores/maria-emile-daroca","Gracias a Maria es que muchos entendimos los temas de estructural. Es muy abierta a resolver todas las dudas que hayan, sin importar lo ""tontas"" que parezcan. Tiene un excelente manejo de los temas y sabe muy bien como hacer llegar a los estudiantes. Cons: Califica muy duro","5"
"1576033190-11012","https://losestudiantes.co/","Camilo Montes RodriguezGeociencias","https://losestudiantes.co/universidad-de-los-andes/geociencias/profesores/camilo-montes-rodriguez","De los mejores profes del departamento. Él enseñaba lo que era un campo de verdad con bastante exigencia tanto física como mental. 

Si las clases fueran más pequeñas se podría tener un mejor manejo del curso y sus estudiantes.Pros: Chistoso
Realista
AnalíticoCons: Impaciente","5"
"1576033186-11001","https://losestudiantes.co/","Maria Del Carmen Huguet MicheoGeociencias","https://losestudiantes.co/universidad-de-los-andes/geociencias/profesores/maria-del-carmen-huguet-micheo","Muy mala profesora.
Las clases con ella son muy vagas y pobres en contenido. Solo se reduce a leer lo que está en las diapositivas, aparentar que domina el tema, lanzar preguntas que tal vez ni ella sabe contestar y burlarse de los estudiantes. Muy pocas veces explicó los temas como se debía; o leía o se saltaba la diapositiva. Una vez el proyector no estaba funcionando y la clase fue un completo fracaso; a los 15 min ya ni sabía que decir. Las clases son full de improvisaciones burdas.
En cuanto a su actitud, debo reconocer que admiro su habilidad de tener full energía a toda hora. Parecía que esta mujer se tomaba un Red Bull antes de entrar a clase. Tiene una voz potente, por lo que propicia un espacio para no dormirse. En mi opinión, no me pareció escucharle en ningún momento sus famosas burlas a Colombia en este semestre; aunque no sé que opinarán los demás al respecto. Puede llegar a ser grosera con los estudiantes, pero me parece que esta actitud de humillar a los demás con preguntas lo hace más para disuadir la atención del público del poco dominio de los temas.
No niego que tal vez tenga mucha experiencia y haya viajado a equis lugares, pero sus habilidades para enseñar son en realidad muy pobres. Sus actividades online no me parecieron tan malas; sin embargo, que le dedicara alrededor del 70% del tiempo en clase a realizar actividades tipo organizar bloques, estirar resortes o leer tarjetones por todo el salón no favoreció el aprendizaje en ningún momento. Es muy ambicioso esperar que todos ya dominen el tema antes de la clase magistral. 
Sus evaluaciones, a fin de cuentas, no son tan graves. Son pura memoria de las diapositivas. A veces pregunta cosas de la tarea. Si usted lee a conciencia el libro, se aprende sus diapositivas y hace la tarea es una nota por encima de 3,5 garantizada. Si usted tiene mala memoria sí preocúpese. 

Muchos me recomendaron esta profesora, pero no cumplió en nada lo que esperaba. Una gran decepción. En algunas clases la reemplazo Yamirka y Jillian y, debo admitir, se nota la diferencia en la calidad de las clases. Puede que no sean tan ""divertidas"" como Huguet, pero por lo menos si saben de lo que hablan.

Hágase un favor y meta con alguien más.Pros: *Full energía.
*De vez en cuando las analogías que usa son buenas.
*Parciales acordes a las diapositivas.Cons: *Aparenta no dominar el tema.
*Tiene actitudes groseras y pedantes por cualquier cosa.
*Entrega notas un siglo después.
*Depende 100% de las diapositivas.","2"
"1576033214-11106","https://losestudiantes.co/","Leslie Francis NoeGeociencias","https://losestudiantes.co/universidad-de-los-andes/geociencias/profesores/leslie-francis-noe","Leslie es un profesor muy amable y apasionado con los temas del curso. Sabe mucho y el muy dedicado con la clase y los horarios de atención.Pros: - Si usted va a su oficina a revisar los parciales créame que la nota le subirá bastante.
- Tiene un amplio conocimiento con los contenidos del curso.
- Es muy amableCons: - Le cuesta un poco el español.
- No tolera mucho las conversaciones en clase.","4.3"
"1576033210-11086","https://losestudiantes.co/","Rodrigo Alberto Marin CastilloGeociencias","https://losestudiantes.co/universidad-de-los-andes/geociencias/profesores/rodrigo-alberto-marin-castillo","La clase es aburrida (eran mas de 80 personas y a clase solo iba un tercio o menos) solo lee las diapositivas, no sabe mucho de geociencias, se desvía de los temas de la clase y se atrasa en el programa.
Los parciales son fáciles solo hay que leer las diapositivas y las tareas (2) son largas pero igualmente fáciles.
Si usted quiere realmente aprender le recomiendo buscar otra persona.Pros: - No toma asistenicia.Cons: - La clase no es amena.","3"
"1576033181-10964","https://losestudiantes.co/","Jean Baptiste TaryGeociencias","https://losestudiantes.co/universidad-de-los-andes/geociencias/profesores/jean-baptiste-tary","Habla muy pasito y sin tanta claridad, toda la.clase se basa en las diapositivas exactas, entonces en los parciales lo que se necesita no es tener claro un concepto con propias palabras, sino tienen que ser exactas a las de las diapositivas o a las que él considera, lo que me parece muy injusto y poco educativo.","2.5"
"1576033212-11105","https://losestudiantes.co/","Lina Liliana Osorio SanabriaGeociencias","https://losestudiantes.co/universidad-de-los-andes/geociencias/profesores/lina-liliana-osorio-sanabria","Trata muy mal a todos los estudiantes y raya las libretas de campo con marcador rojo.","3"
"1576033201-11059","https://losestudiantes.co/","Idael Blanco QuinteroGeociencias","https://losestudiantes.co/universidad-de-los-andes/geociencias/profesores/idael-blanco-quintero","Es muy dedicado a la materia y se preocupa porque el estudiante de verdad entienda los temas","5"
"1576033190-11020","https://losestudiantes.co/","Camilo Montes RodriguezGeociencias","https://losestudiantes.co/universidad-de-los-andes/geociencias/profesores/camilo-montes-rodriguez","Todos los estudiantes salen de sus clases muy bien preparados en sus temas.","5"
"1576033195-11045","https://losestudiantes.co/","Natalia Pardo VillavecesGeociencias","https://losestudiantes.co/universidad-de-los-andes/geociencias/profesores/natalia-pardo-villaveces","Natalia es una dura en todo lo que sabe, tal vez esto la lleve a creer que todos los estudiantes aprenden a un ritmo muy rápido, no generó un ambiente de confianza para que se pudiera preguntar, en ocasiones era un poco ruda para responder dudas (casi siempre tontas) en su horario de atención.
A pesar de todo eso es muy claro todo lo que enseña, sabe elegir muy bien las palabras para que los temas sean claros. 
Pros: Parciales logrables
Cons: El proyecto final tiró a matar con la calificación y con la ejecución del mismo","3.9"
"1576033181-10968","https://losestudiantes.co/","Jean Baptiste TaryGeociencias","https://losestudiantes.co/universidad-de-los-andes/geociencias/profesores/jean-baptiste-tary","Habla muy pasito, no tiene manejo de los estudiantes y no pone ejercicios prácticos en clase. Se limita a repetir lo que dice en las diapositivas (Incluso, uno entiende más leyéndolas que intentando ponerle atención a él, que por cierto es muy difícil), no le pone emoción a lo que enseña (a pesar de que es muy interesante). La clase podría ser muy buena con un profesor que enseñe bien y le APASIONE su profesión.Cons: Aburrido.
No enseña bien y califica duro.","2"
"1576033214-11110","https://losestudiantes.co/","Leslie Francis NoeGeociencias","https://losestudiantes.co/universidad-de-los-andes/geociencias/profesores/leslie-francis-noe","Leslie es un muy buen profesor, se nota que le apasiona lo que hace y por eso es muy fácil transmitir sus conocimientos aunque no hable muy bien el español. Durante los módulos hace diferentes actividades didácticas, las cuales son muy divertidas y ayudan mucho a aprender. Por otro lado, en los parciales es importante hacer reclamos en las pregunta...
Leer más...","4.9"
"1576033186-10979","https://losestudiantes.co/","Maria Del Carmen Huguet MicheoGeociencias","https://losestudiantes.co/universidad-de-los-andes/geociencias/profesores/maria-del-carmen-huguet-micheo","Es muy seria en clase, pero tiene (a mi parecer) un sentido del humor que puede llegar a ser un poco duro, pero en general es demasiado conocedora del tema y aunque no lo parezca, se preocupa por sus estudiantes en fondo de su corazón.","4.3"
"1576033186-10976","https://losestudiantes.co/","Maria Del Carmen Huguet MicheoGeociencias","https://losestudiantes.co/universidad-de-los-andes/geociencias/profesores/maria-del-carmen-huguet-micheo","Hace la clase entretenida pero los parciales suelen ser mas complejos que en otras seccionesPros: Personalidad chevereCons: No resuelve casi dudas","3.5"
"1576033201-11069","https://losestudiantes.co/","Idael Blanco QuinteroGeociencias","https://losestudiantes.co/universidad-de-los-andes/geociencias/profesores/idael-blanco-quintero","Explica muy bien los temas y se preocupar porque uno entienda, explicando hasta que sea facil entender. Las clases son interesantes, chistosas y divertidas.Pros: Es muy facil entender los temas con él y las clases son dinámicas.","5"
"1576033201-11057","https://losestudiantes.co/","Idael Blanco QuinteroGeociencias","https://losestudiantes.co/universidad-de-los-andes/geociencias/profesores/idael-blanco-quintero","EXCELENTE PROFESOR, de los mejores de la universidad.","5"
"1576033210-11088","https://losestudiantes.co/","Rodrigo Alberto Marin CastilloGeociencias","https://losestudiantes.co/universidad-de-los-andes/geociencias/profesores/rodrigo-alberto-marin-castillo","Uno sale muy bien preparado en inventor, los temas son útiles para la carrera pero se confunde a veces. Pros: Juan Pablo Mora (asistente graduado)","3.4"
"1576033214-11121","https://losestudiantes.co/","Leslie Francis NoeGeociencias","https://losestudiantes.co/universidad-de-los-andes/geociencias/profesores/leslie-francis-noe","No es muy bueno explicando este tema, pues estratigrafía y sedimentologia no son su área de estudio. La metodología no es buena por ende los estudiantes salen muy mal preparados en el tema y son temas fundamentales para todo geocientifico.","3"
"1576033195-11041","https://losestudiantes.co/","Natalia Pardo VillavecesGeociencias","https://losestudiantes.co/universidad-de-los-andes/geociencias/profesores/natalia-pardo-villaveces","Las clases son muy buenas, uno aprende mucho en cada una y eso inventiva ir a clase.","5"
"1576033203-11074","https://losestudiantes.co/","Fabio IwashitaGeociencias","https://losestudiantes.co/universidad-de-los-andes/geociencias/profesores/fabio-iwashita","Fabio no es un mal profesor, pero tampoco es bueno. Basicamente lee las diapositivas y todo debes estudiarlo por tu cuenta. Es una pésima introducción a Geociencias y hace que las personas no les interese ni un poco el tema. Debe mejorar su expresión oral. Cons: Solo lee las diapositivas","3"
"1576033195-11036","https://losestudiantes.co/","Natalia Pardo VillavecesGeociencias","https://losestudiantes.co/universidad-de-los-andes/geociencias/profesores/natalia-pardo-villaveces","En general me pareció buena profesora, falto demasiado a clase debido a problemas de salud pero a las que fue lo hizo bien. Tal vez en este tipo de materias que son CBU debería ser un poco más flexible con la terminología para que otros estudiantes que no somos de geociencias podamos entender  Pros: Aunque son muchos trabajos no son complicados y siempre que uno los haga la materia es fácil Cons: Como todos los nuevos CBUs la carga es exagerada, son demasiados trabajos","4"
"1576033214-11117","https://losestudiantes.co/","Leslie Francis NoeGeociencias","https://losestudiantes.co/universidad-de-los-andes/geociencias/profesores/leslie-francis-noe","Sabe mucho de paleo.Pros: Es apasionado por la paleontología.","5"
"1576033214-11118","https://losestudiantes.co/","Leslie Francis NoeGeociencias","https://losestudiantes.co/universidad-de-los-andes/geociencias/profesores/leslie-francis-noe","Es muy buen profesor, incentiva a los estudiantes, me gustó mucho que imite a los dinosaurios en paleontología y sabe mucho del tema. Tiene mucha pasión por su área.","5"
"1576033219-11133","https://losestudiantes.co/","Maria Emile DarocaGeociencias","https://losestudiantes.co/universidad-de-los-andes/geociencias/profesores/maria-emile-daroca","Es excelente profesora, es muy abierta a solucionar las dudas y explica de una manera bastante dinámica los temas complejos de entender a la primera. A pesar de no ser nativa tiene un muy conocimiento de la geología. En camplo a pesar de no conocer absolutamente todo tenía un buen manejo del tema y hacia los ejercicios de columna estratigrafica con los grupos, lo cual muestra un interés por aprender aún más para tener un mejor desempeño en la clase lo cual valoré mucho porque motiva a los estudiantes a hacer lo mismo a futuro. Calificando es muy justa.","5"
"1576033195-11044","https://losestudiantes.co/","Natalia Pardo VillavecesGeociencias","https://losestudiantes.co/universidad-de-los-andes/geociencias/profesores/natalia-pardo-villaveces","Muy querida y energética. Pros: Es emocionante ir a clase
Dinámica
chistosa","5"
"1576033188-11008","https://losestudiantes.co/","Jose Vicente Rodriguez JimenezGeociencias","https://losestudiantes.co/universidad-de-los-andes/geociencias/profesores/jose-vicente-rodriguez-jimenez","Maneja muy bien los temas, es buena gente. Es duro calificando, pero justo. Está muy abierto a responder dudas","5"
"1576033197-11046","https://losestudiantes.co/","Alba Marina Suarez RojasGeociencias","https://losestudiantes.co/universidad-de-los-andes/geociencias/profesores/alba-marina-suarez-rojas","De las mejores profesoras que he tendio. Maneja muy bien los temas, explica muy bien los laboratoris, realmente hay un complemento con lo que se ve en la clase teórica","5"
"1576033181-10959","https://losestudiantes.co/","Jean Baptiste TaryGeociencias","https://losestudiantes.co/universidad-de-los-andes/geociencias/profesores/jean-baptiste-tary","El profesor tiene un excelente manejo de los temas de sísmica y sismología. Sus clases son muy interesantes ya que propone ejercicios a los estudiantes a lo largo de las cesiones. En las tareas y los parciales aparece tal cual lo que se ve en clase y ocasionalmente pone ejercicios adicionales que lo motivan a uno a ir más allá de los visto. Pros: Siempre tiene tiempo fuera de clase para solucionar dudas. Tiene una matriz de calificación muy justa. Propone temas para proyectos de investigación y es un gran director de tesis en temas de sísmica y sismología.","5"
"1576033197-11055","https://losestudiantes.co/","Alba Marina Suarez RojasGeociencias","https://losestudiantes.co/universidad-de-los-andes/geociencias/profesores/alba-marina-suarez-rojas","(Lab de Geología)
No explica bien las cosas, se confunde y no aclara dudas. En el laboratorio uno solo se dedica a llenar las actividades y no a entender en realidad.Pros: Es facil pasar.Cons: No explica muy bien y no atiende las preguntas.","1"
"1576033201-11060","https://losestudiantes.co/","Idael Blanco QuinteroGeociencias","https://losestudiantes.co/universidad-de-los-andes/geociencias/profesores/idael-blanco-quintero","Excelente profesor. Se preocupa porque los estudiantes aprendan","5"
"1576033181-10967","https://losestudiantes.co/","Jean Baptiste TaryGeociencias","https://losestudiantes.co/universidad-de-los-andes/geociencias/profesores/jean-baptiste-tary","Al profesor le gusta que en sus parciales se responda todo lo que se haya visto. Si en un quiz o parcial te sale una pregunta tal como: ¿qué tipo de ondas hay? tu debes contestar todo lo que sepas de las ondas: el tipo, el nombre, sus características y por qué se diferencian unas de las otras. Al profesor le gusta que uno responda con los mismos términos que el explica y añadir a tus respuestas toda la información que se te ocurra. Las clases son un poco tediosas, aunque da bonos de asistencia y hace curvas en los parciales cuando el promedio de los parciales es muy bajo (como 2.5 o 2.8, así fue en mi caso). Sugiero tener un muy buen grupo de estudio.Pros: Pregunta sobre los temas vistos en claseCons: En algunas ocaciones sus diapositivas no contienen toda la info (por ejemplo, el enunciado de un ejercicio y su solución, pero no el proceso)","3"
"1576033186-10971","https://losestudiantes.co/","Maria Del Carmen Huguet MicheoGeociencias","https://losestudiantes.co/universidad-de-los-andes/geociencias/profesores/maria-del-carmen-huguet-micheo","Sé que hay opiniones bastante dividas sobre ella. A mi parecer, hay que admitir que explica demasiado bien los temas del curso y que es muy difícil desconcentrarse en clase (teniendo en cuenta que los temas pueden llegar a ser muy tediosos). Yendo a clase y revisando bien las diapositivas se pueden obtener buenos resultados en los parciales.

Ahora bien, sí es verdad que puede ser grosera muchas veces por su sentido del humor algo pesado y tiende a ser un poco regañona y fastidiosa. Sin embargo, uno entiende que ella es así y muchas veces no habla necesariamente en serio. No es tan mala persona como dicen, la verdad en el fondo se nota que sí se interesa por los estudiantes. Además debo decir que nos hizo reir muchas veces en clase.

Al principio sí la llegué a odiar, pero después de un tiempo le cogí hasta cariño. Es cuestión de no ser tan sensible ni tomarse tan en serio los comentarios que hace.","4"
"1576033210-11083","https://losestudiantes.co/","Rodrigo Alberto Marin CastilloGeociencias","https://losestudiantes.co/universidad-de-los-andes/geociencias/profesores/rodrigo-alberto-marin-castillo","Cons: -Desorganizado 
-No tiene claro todos los temas 
-No explica, solo lee diapositivas","1.5"
"1576033207-11080","https://losestudiantes.co/","Javier Idarraga GarciaGeociencias","https://losestudiantes.co/universidad-de-los-andes/geociencias/profesores/javier-idarraga-garcia","Muy bueno explicando. Califica muy fuerte los trabajos.","4"
"1576033217-11126","https://losestudiantes.co/","Jillian PearseGeociencias","https://losestudiantes.co/universidad-de-los-andes/geociencias/profesores/jillian-pearse","Muy buena profesora. Los temas de sus materias son un complejos pero ella se esfuerza por explicarlos tantas veces como sea necesario. Su español es bueno pero las clases son mucho más claras en ingles.","5"
"1576033186-10999","https://losestudiantes.co/","Maria Del Carmen Huguet MicheoGeociencias","https://losestudiantes.co/universidad-de-los-andes/geociencias/profesores/maria-del-carmen-huguet-micheo","La ODIÉ. Era súper grosera y no sabía explicar ni enseñar. Se la pasaba gritando y burlándose de la gente y esperaba como que los alumnos dieran la clase porque si ella preguntaba algo y alguien no sabía la respuesta, se saltaba el tema. Además sus parciales son de mucha memoria, pregunta cosas muy específicas y si no te memorizas literalmente todo, yaper, porque muchas preguntas eran digamos una foto de la piedra y que dijeras el nombre. Cons: Pura memoria
Mala gente","1.5"
"1576033186-10972","https://losestudiantes.co/","Maria Del Carmen Huguet MicheoGeociencias","https://losestudiantes.co/universidad-de-los-andes/geociencias/profesores/maria-del-carmen-huguet-micheo","Carme me parece una excelente profesora. Explica muy bien y se nota su pasión por el tema. Siempre esta dispuesta a responder cualquier duda. Sin embargo es un poco escuelera, le molesta que lleguen tarde, que hablen, que chateen y ese tipo de cosas, a veces se vuelvo un poco molesto que pare la clase para regañar a alguien.Pros: Sabe mucho del tema. 
Parciales y tareas fáciles.Cons: Desordenada. 
Entrega las notas muy tarde, incluso después de 2 semanas.","3.8"
"1576033186-10975","https://losestudiantes.co/","Maria Del Carmen Huguet MicheoGeociencias","https://losestudiantes.co/universidad-de-los-andes/geociencias/profesores/maria-del-carmen-huguet-micheo","Es muy buena explicando los temas, su actitud motiva a poner atención, hay clases muy didácticas, sus parciales son complejos pero son los mismos de las demás secciones y quedas muy bien preparado para el final aunque a veces no responde las dudas asumiendo que deberíamos hacerlo por nuestra cuentaPros: Buena explicacion
Clase llamativa
Aprendes Cons: No resuelve todas las dudas","4.5"
"1576033181-10965","https://losestudiantes.co/","Jean Baptiste TaryGeociencias","https://losestudiantes.co/universidad-de-los-andes/geociencias/profesores/jean-baptiste-tary","Habla muy pasito, no tiene manejo de los estudiantes y no pone ejercicios prácticos en clase. Se limita a repetir lo que dice en las diapositivas (Incluso, uno entiende más leyéndolas que intentando ponerle atención a él, que por cierto es muy difícil), no le pone emoción a lo que enseña (a pesar de que es muy interesante). La clase podría ser muy ...
Leer más...Cons: Aburrido.
No enseña bien y califica duro.","2"
"1576033186-10985","https://losestudiantes.co/","Maria Del Carmen Huguet MicheoGeociencias","https://losestudiantes.co/universidad-de-los-andes/geociencias/profesores/maria-del-carmen-huguet-micheo","Esta profesora da buenas explicaciones, deja actividades didácticas y pone parciales que van de acuerdo con lo que explica en clase y a las diapositivas. Sin embargo, tiene algunas actitudes que hacen que la clase no sea agradable y en ocasiones parece que se burlara de los estudiantes.","2.8"
"1576033214-11108","https://losestudiantes.co/","Leslie Francis NoeGeociencias","https://losestudiantes.co/universidad-de-los-andes/geociencias/profesores/leslie-francis-noe","Explica bien lo temas, aunque el tiempo de la clase a veces no es suficiente. la estragegia de los qûices donde uno la puede embarrar para hacerlo en el parcial me parece muy buena. El problema del curso, que no es culpa de Leslie, es que los temas debeían dictarse en 2 cursos.En parte, creo que el si deberìa refocmular un poco mejor los parciales,...
Leer más...","4.5"
"1576033186-10983","https://losestudiantes.co/","Maria Del Carmen Huguet MicheoGeociencias","https://losestudiantes.co/universidad-de-los-andes/geociencias/profesores/maria-del-carmen-huguet-micheo","Pros: Sabe mucho
Explica bien
Realiza varias actividadesCons: Falta a varias clases","4.2"
"1576033201-11065","https://losestudiantes.co/","Idael Blanco QuinteroGeociencias","https://losestudiantes.co/universidad-de-los-andes/geociencias/profesores/idael-blanco-quintero","Es un gran profesor. Sabe muchísimo y siempre se preocupa porque sus estudiantes aprendan de sus clases y de él como persona.","5"
"1576033203-11071","https://losestudiantes.co/","Fabio IwashitaGeociencias","https://losestudiantes.co/universidad-de-los-andes/geociencias/profesores/fabio-iwashita","Vi geociencias con el y entre solo por dos semanas. Uno de los peores profesores que he tenido. Sus parciales son estandarizados por el departamento, por ende no tiene sentido meter con el por la nota. No lo recomiendo. Por otro lado, cabe decir que geociencias es la peor materia que tiene la universidad. Pesimas diapositivas, examenes triviales que preguntan para comprobar si se sabe las cosas de memoria y no por si de verdad aprendio.Cons: No deja usar equipos electrónicos.
No sube las diapositivas a sicua.","2.6"
"1576033214-11116","https://losestudiantes.co/","Leslie Francis NoeGeociencias","https://losestudiantes.co/universidad-de-los-andes/geociencias/profesores/leslie-francis-noe","Excelente profesor, hace entender bastante bien el tema con una metodología nueva para sus clases. Pros: Es su área de experticia.","5"
"1576033210-11100","https://losestudiantes.co/","Rodrigo Alberto Marin CastilloGeociencias","https://losestudiantes.co/universidad-de-los-andes/geociencias/profesores/rodrigo-alberto-marin-castillo","es un profesor que no es experto en el tema , el es ingeniero mecanico, pero actualmente es el director del programa debido a su basta experiencia en petróleo. Se salta cosas importantes para las personas que estudian geociencias pero para los ingenieros que deciden verla es muy fácil aprobar con el, la clase son las diapositivas.
Cuando hable de p...
Leer más...Pros: facil de aprobar.
sube mucho en la revision de parciales y tareas.","3.6"
"1576033210-11102","https://losestudiantes.co/","Rodrigo Alberto Marin CastilloGeociencias","https://losestudiantes.co/universidad-de-los-andes/geociencias/profesores/rodrigo-alberto-marin-castillo","es un profesor que no es experto en el tema , el es ingeniero mecanico, pero actualmente es el director del programa debido a su basta experiencia en petróleo. Se salta cosas importantes para las personas que estudian geociencias pero para los ingenieros que deciden verla es muy fácil aprobar con el, la clase son las diapositivas.
Cuando hable de petróleo dejen de hacer lo que están haciendo porque los va a iluminarPros: facil de aprobar.
sube mucho en la revision de parciales y tareas.","3.6"
"1576033186-10973","https://losestudiantes.co/","Maria Del Carmen Huguet MicheoGeociencias","https://losestudiantes.co/universidad-de-los-andes/geociencias/profesores/maria-del-carmen-huguet-micheo","La ODIÉ. Era súper grosera y no sabía explicar ni enseñar. Se la pasaba gritando y burlándose de la gente y esperaba como que los alumnos dieran la clase porque si ella preguntaba algo y alguien no sabía la respuesta, se saltaba el tema. Además sus parciales son de mucha memoria, pregunta cosas muy específicas y si no te memorizas literalmente todo...
Leer más...Cons: Pura memoria
Mala gente","1.5"
"1576033186-10984","https://losestudiantes.co/","Maria Del Carmen Huguet MicheoGeociencias","https://losestudiantes.co/universidad-de-los-andes/geociencias/profesores/maria-del-carmen-huguet-micheo","Sabe mucho de los temas que enseña en la clase, le gusta lo que hace pero a ratos es prepotente frente a los estudiantes, en ocasiones tiene una actitud que puede chocar con las personas y no se si sea muy común en ella pero este semestre no asistió a varias clases por cuestiones de fuerza mayor, pero pienso que fuimos nosotros los perjudicados por...
Leer más...Pros: Se aprende en la claseCons: Puede pasar por prepotente en ocasiones y eso genera mal ambiente","3.4"
"1576033186-10977","https://losestudiantes.co/","Maria Del Carmen Huguet MicheoGeociencias","https://losestudiantes.co/universidad-de-los-andes/geociencias/profesores/maria-del-carmen-huguet-micheo","Es una profesora con conocimiento, sin embargo, contesta las preguntas con un: debería leer todo el libro por su cuenta, o (donde queda su locker para entregar la tarea?)R: Busquelo. en resumen es poco simpatica.
explica regularmente bien y sus parciales son calificados fuertemente.","3"
"1576033186-10994","https://losestudiantes.co/","Maria Del Carmen Huguet MicheoGeociencias","https://losestudiantes.co/universidad-de-los-andes/geociencias/profesores/maria-del-carmen-huguet-micheo","La clase es una buena introducción a las geociencias y se aprenden superficialmente temas muy importantes. Considero que la clase consiste en temas interesantes. En definitiva la clase me pareció interesante y la profesora hace bien su trabajo de enseñar. También, hay que tener presente los módulos que son de tarea porque representan una parte cons...
Leer más...Pros: Los parciales son en salas de micros
Los parciales cubren el tema visto
Todo se sube a Sicua
Presentaciones apropiadasCons: No responde las dudas
Es estricta con los horarios y el programa","3.8"
"1576033195-11034","https://losestudiantes.co/","Natalia Pardo VillavecesGeociencias","https://losestudiantes.co/universidad-de-los-andes/geociencias/profesores/natalia-pardo-villaveces","Muy buena en todo lo que hace, sabe de todos los temas y se apodera de la clase, se interesa porque sus estudiantes sean dinámicos y proactivos","5"
"1576033181-10962","https://losestudiantes.co/","Jean Baptiste TaryGeociencias","https://losestudiantes.co/universidad-de-los-andes/geociencias/profesores/jean-baptiste-tary","Habla pasito y con el mismo tono toda la clase. Pareciera que no tuviera buen manejo del tema.","1.5"
"1576033190-11014","https://losestudiantes.co/","Camilo Montes RodriguezGeociencias","https://losestudiantes.co/universidad-de-los-andes/geociencias/profesores/camilo-montes-rodriguez","Montes es el profesor que más me motivó en mi carrera, no es el mejor profesor que he tenido pero claramente su profesionalismo y sabiduría amplían profundamente sus deseos de aprender y superarse. Admiración es lo que siento por este personaje, es un gran ejemplo de dedicación, aptitud y devoción por lo que hacer. El mejor campo de toda la carrera...
Leer más...Pros: O le coje amor u odio a campo con este tipoCons: No es nada paciente.","4"
"1576033186-10987","https://losestudiantes.co/","Maria Del Carmen Huguet MicheoGeociencias","https://losestudiantes.co/universidad-de-los-andes/geociencias/profesores/maria-del-carmen-huguet-micheo","sabe mucho y explica bien los temas pero su personalidad se presta para que la gente piense que es grosera y altanera, cosa que no es cierta","4"
"1576033195-11040","https://losestudiantes.co/","Natalia Pardo VillavecesGeociencias","https://losestudiantes.co/universidad-de-los-andes/geociencias/profesores/natalia-pardo-villaveces","Se aprende mucho con ella. Logra transmitir la pasión por su rama de especialización.","5"
"1576033192-11028","https://losestudiantes.co/","Adriana Delgado UribeGeociencias","https://losestudiantes.co/universidad-de-los-andes/geociencias/profesores/adriana-delgado-uribe","Es muy buena profesora y se aprende mucho","4"
"1576033210-11093","https://losestudiantes.co/","Rodrigo Alberto Marin CastilloGeociencias","https://losestudiantes.co/universidad-de-los-andes/geociencias/profesores/rodrigo-alberto-marin-castillo","2.5
Lee las diapositivas y en muchas ocasiones se desvia del tema, además se atrasa en las clases. Para los estudiantes de geociencias no es recomendable","2.5"
"1576033186-10996","https://losestudiantes.co/","Maria Del Carmen Huguet MicheoGeociencias","https://losestudiantes.co/universidad-de-los-andes/geociencias/profesores/maria-del-carmen-huguet-micheo","Es demasiado despreciable, además de ser denigrante es grosera con los estudiantes, es nada comprensiva, se burla de los estudiantes. Su clase se resume en leer tal cual las diapositivas, aporta cero al conocimiento y no explica nada, da pereza ir a clase. Su personalidad es dárselas de muy ruda y su cara al hacer cualquier pregunta es de fastidio....
Leer más...Pros: Los parciales no suelen ser tan complicados aunque bajan puntos por cualquier cosita. Cons: Todo","1"
"1576033214-11107","https://losestudiantes.co/","Leslie Francis NoeGeociencias","https://losestudiantes.co/universidad-de-los-andes/geociencias/profesores/leslie-francis-noe","Leslie es un muy buen profesor, se nota que le apasiona lo que hace y por eso es muy fácil transmitir sus conocimientos aunque no hable muy bien el español. Durante los módulos hace diferentes actividades didácticas, las cuales son muy divertidas y ayudan mucho a aprender. Por otro lado, en los parciales es importante hacer reclamos en las preguntas abiertas, ya que leslie no es e que califica sino los monitores, y estos aveces bajan aunque la respuesta este bien. Recomiendo mucho meter con él.","4.9"
"1576033192-11025","https://losestudiantes.co/","Adriana Delgado UribeGeociencias","https://losestudiantes.co/universidad-de-los-andes/geociencias/profesores/adriana-delgado-uribe","siempre esta dispuesta a ayudar y sabe mucho","5"
"1576033197-11051","https://losestudiantes.co/","Alba Marina Suarez RojasGeociencias","https://losestudiantes.co/universidad-de-los-andes/geociencias/profesores/alba-marina-suarez-rojas","ella resuelve las dudas que se tengan, pero los laboratorios son muy grandes y ella no puede atender tantas personas y dudas al tiempo, lo único malo es que a veces se demora en llegar al laboratorio o se sale un rato en el desarrollo de la clase","4.5"
"1576033186-11004","https://losestudiantes.co/","Maria Del Carmen Huguet MicheoGeociencias","https://losestudiantes.co/universidad-de-los-andes/geociencias/profesores/maria-del-carmen-huguet-micheo","La clase es una buena introducción a las geociencias y se aprenden superficialmente temas muy importantes. Considero que la clase consiste en temas interesantes. En definitiva la clase me pareció interesante y la profesora hace bien su trabajo de enseñar. También, hay que tener presente los módulos que son de tarea porque representan una parte considerable de la nota final y a su vez pueden aparecer como preguntas del parcial. De igual manera, la profesora es graciosa, le apasiona el tema y se hace entender. Pros: Los parciales son en salas de micros
Los parciales cubren el tema visto
Todo se sube a Sicua
Presentaciones apropiadasCons: No responde las dudas
Es estricta con los horarios y el programa","3.8"
"1576033190-11019","https://losestudiantes.co/","Camilo Montes RodriguezGeociencias","https://losestudiantes.co/universidad-de-los-andes/geociencias/profesores/camilo-montes-rodriguez","El mejor para aprender como son los campos en verdad. Se aprende mucho!","5"
"1576033188-11009","https://losestudiantes.co/","Jose Vicente Rodriguez JimenezGeociencias","https://losestudiantes.co/universidad-de-los-andes/geociencias/profesores/jose-vicente-rodriguez-jimenez","Es un excelente profesor de laboratorio. Se preocupa por que los estudiantes aprendan, ya que  resuelve las dudas cuantas veces sea necesario y proporciona materiales de lectura para resolver los laboratorios.","5"
"1576033195-11033","https://losestudiantes.co/","Natalia Pardo VillavecesGeociencias","https://losestudiantes.co/universidad-de-los-andes/geociencias/profesores/natalia-pardo-villaveces","Es una excelente profesora y persona. Está siemper abierta a respodner las dudas, asì los estudiantes no lo aprovechen. Se preocupa honestamente por el aprendizaje de los estudiantes. Un modelo a seguirPros: Todo","5"
